{"cameraMode":{"drawMode":0,"name":"Shaded","section":"Shading Mode"},"sceneLighting":true,"audioPlay":false,"sceneViewState":{"m_AlwaysRefresh":false,"showFog":true,"showSkybox":false,"showFlares":true,"showImageEffects":true,"showParticleSystems":true,"showVisualEffectGraphs":true,"m_FxEnabled":true},"in2DMode":false,"pivot":{"x":0.47652673721313479,"y":-0.289640873670578,"z":0.9901946783065796},"rotation":{"x":-0.09243173897266388,"y":-0.6191163659095764,"z":0.07370968163013458,"w":-0.7763538956642151},"size":0.9726554751396179,"orthographic":false}