{"cameraMode":{"drawMode":0,"name":"Shaded","section":"Shading Mode"},"sceneLighting":false,"audioPlay":false,"sceneViewState":{"showFog":true,"showMaterialUpdate":false,"showSkybox":false,"showFlares":true,"showImageEffects":true,"showParticleSystems":true},"in2DMode":false,"pivot":{"x":-5.410543441772461,"y":-1.5111331939697266,"z":19.491418838500978},"rotation":{"x":0.13544684648513795,"y":-0.8465785980224609,"z":0.2571529448032379,"w":0.4459114968776703},"size":4.743468761444092,"orthographic":true}