{"cameraMode":{"drawMode":0,"name":"Shaded","section":"Shading Mode"},"sceneLighting":true,"audioPlay":false,"sceneViewState":{"showFog":true,"showMaterialUpdate":false,"showSkybox":true,"showFlares":true,"showImageEffects":true,"showParticleSystems":true},"in2DMode":false,"pivot":{"x":-0.14949604868888856,"y":1.2816410064697266,"z":-2.0953369140625},"rotation":{"x":0.005278170108795166,"y":0.9947116374969482,"z":-0.0747435912489891,"w":0.07024362683296204},"size":5.8724684715271,"orthographic":true}