{"cameraMode":{"drawMode":0,"name":"Shaded","section":"Shading Mode"},"sceneLighting":false,"audioPlay":false,"sceneViewState":{"showFog":true,"showMaterialUpdate":false,"showSkybox":false,"showFlares":true,"showImageEffects":true,"showParticleSystems":true},"in2DMode":false,"pivot":{"x":0.0,"y":0.45900005102157595,"z":-5.587935447692871e-8},"rotation":{"x":0.10054505616426468,"y":0.8545277118682861,"z":-0.18025942146778108,"w":0.4766382873058319},"size":1.5710829496383668,"orthographic":true}