{"cameraMode":{"drawMode":0,"name":"Shaded","section":"Shading Mode"},"sceneLighting":false,"audioPlay":false,"sceneViewState":{"showFog":true,"showMaterialUpdate":false,"showSkybox":false,"showFlares":true,"showImageEffects":true,"showParticleSystems":true},"in2DMode":false,"pivot":{"x":0.6960044503211975,"y":0.21675856411457063,"z":-5.21540641784668e-8},"rotation":{"x":0.07909520715475083,"y":0.4124923646450043,"z":-0.03597487881779671,"w":0.9068286418914795},"size":2.225919008255005,"orthographic":true}