{"cameraMode":{"drawMode":1,"name":"Wireframe","section":"Shading Mode"},"sceneLighting":false,"audioPlay":false,"sceneViewState":{"showFog":true,"showMaterialUpdate":false,"showSkybox":false,"showFlares":true,"showImageEffects":true,"showParticleSystems":true},"in2DMode":false,"pivot":{"x":-0.004999984055757523,"y":0.16468530893325807,"z":0.25837481021881106},"rotation":{"x":0.3849373459815979,"y":0.4769091308116913,"z":-0.24429573118686677,"w":0.7514662146568298},"size":2.321408271789551,"orthographic":true}